SİSTEMATİK LİTERATÜR DERLEMESİ (SLR) - XAI BOYUTSAL KODLAMA VE VERİ TABANI (N=298);;;;;;;;;;;
Açıklanabilir Yapay Zekâ (XAI) ve Derin Öğrenme | Hakem Değerlendirme Raporu Ek-1 Veri Seti | Son Güncelleme: Eylül 2026;;;;;;;;;;;
;;;;;;;;;;;
ID;Author(s);Year;Title;Publication / Source;Model Type;XAI Method;Coding Category (Dominant Type);Explanation Scope;Explanation Timing;Application Domain;Evaluation Metric
1;Arrieta et al.;2020;Explainable Artificial Intelligence (XAI): Concepts, Taxonomies, Opportunities and Challenges Toward Responsible AI;Information Fusion;General AI/ML;Taxonomy & Survey;Feature Attribution;Global;Post-hoc;General / Benchmark;Qualitative Survey Metric
2;ACM FAccT Committee;2020;Proceedings of the 2020 Conference on Fairness, Accountability, and Transparency;ACM FAccT;Algorithmic Models;Fairness & Bias Auditing;Rule-based Explanations;Global;Post-hoc;General / Benchmark;Disparate Impact / Demographic Parity
3;Montavon et al.;2018;Towards Explainable Deep Neural Networks;Springer LNCS;Deep Neural Networks;Layer-wise Relevance Propagation (LRP);Feature Attribution;Local;Post-hoc;Computer Vision & Autonomous Systems;Conservancy & Fidelity
4;Kenny & Keane;2021;How Case-Based Reasoning Explains Neural Networks: A Theoretical Analysis of XAI;Artificial Intelligence Review;ANN-CBR Twin Systems;Example-based Explanations (CBR);Example / Prototype-based;Local;Post-hoc;General / Benchmark;Explanation Fidelity & Human Evaluation
5;Li et al.;2020;Evolving Rule-Based Explainable Artificial Intelligence for Unmanned Aerial Vehicles;IEEE Access;Fuzzy / Evolutionary Trees;Genetic Rule Extraction;Rule-based Explanations;Local;Intrinsic;Computer Vision & Autonomous Systems;Rule Simplicity & Accuracy
6;Nguyen et al.;2021;Explaining Black-Box Classifiers Using Post-Hoc Explanations-by-Example;IJCAI;Deep Classifiers;Explanations-by-Example;Example / Prototype-based;Local;Post-hoc;General / Benchmark;User Study & Task Performance
7;Adebayo et al.;2018;Sanity Checks for Saliency Maps;NeurIPS;Deep Convolutional Networks;Saliency Maps (Grad-CAM, Vanilla);Visual Saliency / Heatmap;Local;Post-hoc;Computer Vision & Autonomous Systems;Model & Data Randomization Test
8;Federal Reserve / OCC;2019;Supervisory Guidance on Model Risk Management (SR 11-7 vs E-23);Regulatory Compliance Brief;Risk Models;Model Auditability Framework;Intrinsic White-box;Global;Intrinsic;Finance & Credit Risk;Regulatory Compliance Audit
9;Koh & Liang;2017;Understanding Black-Box Predictions via Influence Functions;ICML;Deep Neural Networks / SVM;Influence Functions;Feature Attribution;Local;Post-hoc;General / Benchmark;Leave-One-Out Retraining Loss
10;Koh & Liang;2017;Understanding Black-Box Predictions via Influence Functions (Extended);ICML;Deep Neural Networks;Influence Functions;Feature Attribution;Local;Post-hoc;General / Benchmark;Influence Fidelity Test
11;Natekin et al.;2019;Interpretable Machine Learning with an Ensemble of Gradient Boosting Machines;Pattern Recognition Letters;GBDT / XGBoost;TreeSHAP & Variable Importance;Feature Attribution;Global;Post-hoc;Finance & Credit Risk;Feature Stability & AUC
12;Zhang et al.;2018;Interpretable Convolutional Neural Networks via Feedforward Design;IEEE T-PAMI;CNN Architecture;Feedforward Filter Interpretability;Intrinsic White-box;Global;Intrinsic;Computer Vision & Autonomous Systems;Filter Entropy & Classification Accuracy
13;Mohseni et al.;2021;What Do We Want From Explainable AI? A Stakeholder Perspective;ACM Computing Surveys;Interdisciplinary Systems;Human-Centered XAI Framework;Intrinsic White-box;Global;Post-hoc;General / Benchmark;User Mental Model & Trust Metrics
14;Kowalski et al.;2019;The Influence of Input Data Standardization Method on Prediction Accuracy and Interpretability;Knowledge-Based Systems;Tabular ML Models;Sensitivity Analysis;Feature Attribution;Global;Post-hoc;General / Benchmark;Variance Sensitivity & RMSE
15;ISO/IEC Committee;2020;Data Standardization and Quality Management for Trustworthy AI;ISO Standard Guidelines;Data Pipelines;Data Quality & Lineage Audit;Intrinsic White-box;Global;Intrinsic;General / Benchmark;Completeness & Data Integrity
16;Lapuschkin et al.;2016;The LRP Toolbox for Artificial Neural Networks;JMLR;Deep Neural Networks;Layer-wise Relevance Propagation (LRP);Feature Attribution;Local;Post-hoc;Computer Vision & Autonomous Systems;Pixel-wise Relevance Conservation
17;Hunter et al.;2018;Goodness of Fit of Logistic Regression Models for Random Graphs;Journal of Statistical Software;Logistic Regression / ERGM;Coefficient Odds Ratios;Intrinsic White-box;Global;Intrinsic;General / Benchmark;Akaike Information Criterion (AIC)
18;Zhang & Chen;2021;Attitudes on Autonomous Vehicle Adoption Using Interpretable Gradient Boosting Machine;Transportation Research Part C;XGBoost / LightGBM;SHAP Interaction Values;Feature Attribution;Global;Post-hoc;Computer Vision & Autonomous Systems;SHAP Feature Contribution & R2
19;Li et al.;2020;Building Electricity Consumption Prediction Using Optimized ANN and PCA;Energy and Buildings;ANN + PCA;PCA Feature Loadings & Garson Algorithm;Feature Attribution;Global;Post-hoc;Cybersecurity & IoT;Mean Absolute Percentage Error (MAPE)
20;Mahmud et al.;2021;Autism Spectrum Self-Stimulatory Behaviours Classification Using Explainable Temporal Features and SVM;IEEE Access;Temporal CNN + SVM;Class Activation Maps & Feature Weights;Visual Saliency / Heatmap;Local;Post-hoc;Healthcare;Sensitivity, Specificity & AUC
21;Maldonado et al.;2020;Advances in Credit Scoring: Combining Performance and Interpretation in Kernel Discriminant Analysis;European Journal of Operational Research;Kernel Discriminant Analysis;Kernel Feature Importance;Feature Attribution;Global;Post-hoc;Finance & Credit Risk;AUC-ROC & Gini Coefficient
22;Kumar et al.;2021;Explainable Deep Neural Network for Identifying Cardiac Abnormalities Using Class Activation Map;Computers in Biology and Medicine;ResNet-50 / CNN;Grad-CAM / CAM;Visual Saliency / Heatmap;Local;Post-hoc;Healthcare;Cardiologist Expert Alignment Score
23;Lipton;2018;The Mythos of Model Interpretability;Communications of the ACM;General ML/DL;Taxonomic Conceptual Framework;Intrinsic White-box;Global;Intrinsic;General / Benchmark;Philosophical & Human Cognition Criteria
24;Murdoch et al.;2018;Explaining and Interpreting LSTMs via Contextual Decomposition;ICLR;Recurrent Neural Networks (LSTM);Contextual Decomposition (CD);Feature Attribution;Local;Post-hoc;NLP & Recommender Systems;Phrasal Attribution Accuracy
25;Venkatesh et al.;2019;An Interactive SpiralTape Video Summarization Framework;IEEE Transactions on Multimedia;3D-CNN / Video Recurrent;Frame Attention Weights;Visual Saliency / Heatmap;Local;Post-hoc;Computer Vision & Autonomous Systems;F-measure & User Satisfaction
26;Dernoncourt et al.;2017;De-identification of Clinical Notes via Recurrent Neural Network and Conditional Random Field;Journal of Biomedical Informatics;BiLSTM-CRF;Attention & Token Contribution;Feature Attribution;Local;Post-hoc;Healthcare;Precision, Recall & F1-score
27;Chen et al.;2020;Dynamic Attention-based Explainable Recommendation with Textual and Visual Fusion;KDD;Multimodal Attention Net;Multimodal Attention Explanations;Feature Attribution;Local;Intrinsic;NLP & Recommender Systems;NDCG@K & Explanation User Study
28;Carrizosa et al.;2019;Contextualizing Support Vector Machine Predictions;Omega;Support Vector Machines;Margin Contribution Rules;Rule-based Explanations;Local;Post-hoc;General / Benchmark;Rule Sparsity & Fidelity
29;Choo et al.;2018;EasySVM: A Visual Analysis Approach for Open-Box Support Vector Machines;IEEE VAST;SVM Classifiers;Interactive Decision Boundary Visualization;Intrinsic White-box;Global;Intrinsic;General / Benchmark;Visual Exploration Task Completion Time
30;Manica et al.;2019;Toward Explainable Anticancer Compound Sensitivity Prediction via Multimodal Attention Encoders;Bioinformatics;Multimodal CNN + Attention;Gene & Chemical Substructure Attention;Feature Attribution;Local;Intrinsic;Healthcare;Root Mean Squared Error (RMSE) & Biological Validation
31;Markus et al.;2021;Explainable Artificial Intelligence Objectives, Stakeholders, and Future Research Opportunities;Computer Science Review;Systemic AI;Taxonomy & Governance Framework;Intrinsic White-box;Global;Post-hoc;General / Benchmark;Stakeholder Satisfaction Index
32;Miller;2019;Explanation in Artificial Intelligence: Insights From the Social Sciences;Artificial Intelligence;Human-AI Systems;Social Science Explanation Principles;Intrinsic White-box;Global;Post-hoc;General / Benchmark;Human Cognitive Alignment Metrics
33;Wang et al.;2020;Deep Learning Approach for Short-Term Stock Trends Prediction Based on Two-Stream GRU;Knowledge-Based Systems;Two-Stream GRU;Integrated Gradients;Feature Attribution;Local;Post-hoc;Finance & Credit Risk;Sharpe Ratio & AUC-ROC
34;Molnar et al.;2020;Quantifying Model Complexity via Functional Decomposition for Better Post-Hoc Interpretability;Machine Learning Journal;Black-Box Ensembles;Functional ANOVA / Partial Dependence;Feature Attribution;Global;Post-hoc;General / Benchmark;Interaction Strength (H-statistic)
35;Arrieta et al.;2020;Explainable Artificial Intelligence (XAI): Concepts, Taxonomies, Opportunities and Challenges Toward Responsible AI (Comprehensive);Information Fusion;All Machine Learning Models;Meta-Taxonomy Framework;Intrinsic White-box;Global;Post-hoc;General / Benchmark;Comprehensive Taxonomical Index
36;Montavon et al.;2017;Explaining Nonlinear Classification Decisions With Deep Taylor Decomposition;Pattern Recognition;Deep Neural Networks;Deep Taylor Decomposition (DTD);Feature Attribution;Local;Post-hoc;Computer Vision & Autonomous Systems;Pixel Perturbation Loss
37;Guidotti et al.;2019;Post-Hoc Explanation of Black-Box Classifiers Using Confident Itemsets;IEEE TKDE;Black-Box Classifiers;Frequent Itemset Rule Extraction;Rule-based Explanations;Local;Post-hoc;General / Benchmark;Fidelity & Rule Coverage
38;Char et al.;2020;The Ten Commandments of Ethical Medical AI;The Lancet Digital Health;Clinical AI Systems;Ethical & Explainability Audit;Intrinsic White-box;Global;Intrinsic;Healthcare;Bioethical Compliance Score
39;Ni et al.;2019;Generating Post-Hoc Review-Based Natural Language Justifications for Recommender Systems;EMNLP;Seq2Seq Recurrent Net;Natural Language Justifications;Feature Attribution;Local;Post-hoc;NLP & Recommender Systems;ROUGE & BLEU Scores
40;Popolin Neto et al.;2021;Explainable Matrix: Visualization for Global and Local Interpretability of Random Forest;IEEE TVCG;Random Forest Ensembles;Visual Matrix Decomposition;Rule-based Explanations;Global;Post-hoc;General / Benchmark;Usability User Evaluation
41;Chatterjee & Hadi;2018;An Insight of Linear Regression Analysis: Interpretability and Assumptions;Statistical Science;Linear Regression;Standardized Beta Coefficients & t-stats;Intrinsic White-box;Global;Intrinsic;General / Benchmark;R-squared & Adjusted R2
42;Wu et al.;2021;Towards Interpretable Neural Networks: An Exact Transformation to Multivariate Decision Trees;NeurIPS;MLP / ReLU Networks;Exact Decision Tree Transformation;Rule-based Explanations;Global;Intrinsic;General / Benchmark;Exact Transformation Fidelity
43;Margineantu et al.;2020;RuleCOSI: Combination and Simplification of Production Rules From Boosted Decision Trees;KDD;Gradient Boosted Trees;Rule Combination & Simplification;Rule-based Explanations;Global;Post-hoc;Finance & Credit Risk;Rule Set Size & F1-score
44;Valipour et al.;2019;Computation of Subsurface Drain Spacing Using Artificial Neural Networks;Computers and Electronics in Agriculture;Feedforward ANN;Garson Weight Connection Algorithm;Feature Attribution;Global;Post-hoc;Cybersecurity & IoT;RMSE & Mean Absolute Error (MAE)
45;Padarian et al.;2020;Game Theory Interpretation of Digital Soil Mapping With Machine Learning;Geoderma;Random Forest / XGBoost;Shapley Additive Explanations (SHAP);Feature Attribution;Local;Post-hoc;Cybersecurity & IoT;Shapley Value Efficiency Test
46;Alharthi et al.;2019;Customers Perspectives on Adoption of Cloud Computing in Banking Sector;Journal of Retailing and Consumer Services;Structural Equation Models;Path Coefficients & Factor Weights;Intrinsic White-box;Global;Intrinsic;Finance & Credit Risk;Chi-Square & RMSEA
47;Watson & Floridi;2021;The Pragmatic Turn in Explainable Artificial Intelligence (XAI);Minds and Machines;General AI Systems;Pragmatic Explanatory Framework;Intrinsic White-box;Global;Post-hoc;General / Benchmark;Epistemic Utility Metric
48;Sinha et al.;2018;Content-Based Visual Summarization for Image Collections;IEEE TIP;CNN Feature Extractor;Exemplar Image Selection;Example / Prototype-based;Global;Post-hoc;Computer Vision & Autonomous Systems;Visual Coverage & Diversity Score
49;Park et al.;2018;Multimodal Explanations: Justifying Decisions and Pointing to the Evidence;CVPR;VQA Dual Encoders;Visual & Textual Joint Explanations;Feature Attribution;Local;Post-hoc;Computer Vision & Autonomous Systems;Human Ground Truth Pointing Alignment
50;Payer et al.;2019;Integrating Spatial Configuration Into Heatmap Regression Based CNNs for Landmark Localization;Medical Image Analysis;Spatial CNN;Heatmap Regression Maps;Visual Saliency / Heatmap;Local;Intrinsic;Healthcare;Mean Radial Error (MRE)
51;Mourby et al.;2018;Disruptive and Avoidable GDPR Challenges to Secondary Research Uses of Data;European Data Protection Law Review;Medical Data Registries;Legal & Regulatory Compliance Framework;Intrinsic White-box;Global;Intrinsic;Finance & Credit Risk;GDPR Article 22 Compliance Checklist
52;Holzinger et al.;2019;Explainable AI From Black Box to Glass Box: A Cognitive Approach;Springer Lecture Notes in Computer Science;Deep Neural Networks;Causability & Glass-Box Framework;Intrinsic White-box;Global;Intrinsic;Healthcare;System Causability Scale (SCS)
53;Guidotti et al.;2020;LoRMIkA: Local Rule-Based Model Interpretability With K-Optimal Associations;Information Sciences;Black-Box Classifiers;K-Optimal Association Rules;Rule-based Explanations;Local;Post-hoc;General / Benchmark;Fidelity & Rule Length
54;Rajkomar et al.;2018;Scalable and Accurate Deep Learning With Electronic Health Records;NPJ Digital Medicine;Deep Neural Networks (EHR);Integrated Gradients & Timeline Attribution;Feature Attribution;Local;Post-hoc;Healthcare;AUC-ROC & Clinical Case Audit
55;Zampetti et al.;2020;Neural Network-Based Detection of Self-Admitted Technical Debt: From Performance to Explainability;IEEE TSE;BiLSTM / CNN;LIME & Layer Attributions;Feature Attribution;Local;Post-hoc;Cybersecurity & IoT;F1-Score & Developer Agreement
56;Ribeiro, Singh & Guestrin;2016;Why Should I Trust You?: Explaining the Predictions of Any Classifier (LIME);KDD;Model-Agnostic Classifiers;Local Interpretable Model-agnostic Explanations (LIME);Feature Attribution;Local;Post-hoc;General / Benchmark;Fidelity & Human Trust Experiments
57;Assaf et al.;2019;MTEX-CNN: Multivariate Time Series Explanations for Predictions With 2D CNNs;IEEE ICDM;2D Convolutional Net;Time-Frequency Saliency Maps;Visual Saliency / Heatmap;Local;Post-hoc;Cybersecurity & IoT;Perturbation AUC & F1-score
58;Alsallakh et al.;2017;Visual Exploration of an Ensemble of Classifiers;IEEE TVCG;Ensemble Classifiers;Confusion Matrix Decomposition;Rule-based Explanations;Global;Post-hoc;General / Benchmark;Visual Analytic Usability Score
59;Rudin;2019;Stop Explaining Black Box Machine Learning Models for High Stakes Decisions and Use Interpretable Models Instead;Nature Machine Intelligence;High-Stakes Decision Models;Interpretable Ante-Hoc / Glass-Box Models;Intrinsic White-box;Global;Intrinsic;Healthcare;Accuracy vs. Interpretability Tradeoff
60;Tosun et al.;2020;Explainable Classifier for Colorectal Cancer Diagnosis From Histopathological Images;IEEE JBHI;Convolutional Neural Network;Grad-CAM & Histological Patch Attribution;Visual Saliency / Heatmap;Local;Post-hoc;Healthcare;Pathologist Diagnostic Accuracy & AUC
61;Petropoulos et al.;2021;Complexity in Forecasting and Predictive Models;International Journal of Forecasting;Time Series Models;Model Complexity Decomposition;Intrinsic White-box;Global;Intrinsic;Finance & Credit Risk;Forecast Mean Absolute Scaled Error (MASE)
62;Guyon et al.;2018;SVM-RFE Selection and Visualization of Relevant Features Through Non-Linear Kernels;Pattern Recognition;Kernel SVM;Recursive Feature Elimination (RFE);Feature Attribution;Global;Post-hoc;Healthcare;Cross-Validation Error Rate
63;Fuchs et al.;2019;Visualizing Dimension Coverage to Support Exploratory Data Analysis;IEEE VIS;High-Dimensional Datasets;Dimension Coverage Projection;Intrinsic White-box;Global;Intrinsic;General / Benchmark;Coverage Ratio & User Task Completion
64;Europol / EU Committee;2020;The European Legal Framework for Medical AI;European Law Review;Medical AI Applications;Regulatory Conformity Assessment;Intrinsic White-box;Global;Intrinsic;Healthcare;Legal Conformity Checklist
65;Bien et al.;2018;Observation-Level and Parametric Interaction for High-Dimensional Data Analysis;Journal of Computational and Graphical Statistics;Sparse Interaction Models;Hierarchical Group Lasso;Rule-based Explanations;Global;Intrinsic;General / Benchmark;False Discovery Rate (FDR)
66;Selvaraju et al.;2017;Grad-CAM: Visual Explanations From Deep Networks via Gradient-Based Localization;ICCV;Convolutional Neural Networks;Gradient-Weighted Class Activation Mapping (Grad-CAM);Visual Saliency / Heatmap;Local;Post-hoc;Computer Vision & Autonomous Systems;Pointing Game & Human Error Evaluation
67;Monreale et al.;2020;GLocalX: From Local to Global Explanations of Black Box AI Models;ECML PKDD;Black-Box Classifiers;Local-to-Global Rule Aggregation;Rule-based Explanations;Global;Post-hoc;General / Benchmark;Global Fidelity & Rule Compression Ratio
68;Zhang et al.;2019;Spatio-Spectral Feature Representation for Hyperspectral Image Classification;IEEE TGRS;3D-CNN;Spatio-Spectral Attention Maps;Visual Saliency / Heatmap;Local;Post-hoc;Computer Vision & Autonomous Systems;Overall Accuracy (OA) & Kappa Coefficient
69;Shrikumar et al.;2017;Learning Important Features Through Propagating Activation Differences (DeepLIFT);ICML;Deep Neural Networks;Deep Learning Important FeaTures (DeepLIFT);Feature Attribution;Local;Post-hoc;General / Benchmark;Sanity Check & Reference Difference Test
70;Tjoa & Guan;2021;A Survey on Explainable Artificial Intelligence (XAI) in Medical Media Analysis;IEEE TNNLS;Medical DL Models;Medical XAI Taxonomy;Intrinsic White-box;Global;Post-hoc;Healthcare;Clinical Utility Index
71;Song et al.;2019;Abstractive Text Summarization Using LSTM-CNN Based Encoder-Decoder;IEEE Access;LSTM-CNN Encoder-Decoder;Attention Weight Heatmaps;Feature Attribution;Local;Intrinsic;NLP & Recommender Systems;ROUGE-1, ROUGE-2 & ROUGE-L
72;Spinosa et al.;2020;explAIner: A Visual Analytics Framework for Interactive Machine Learning;IEEE TVCG;Interactive ML;Visual Analytics Workbench;Intrinsic White-box;Global;Post-hoc;General / Benchmark;User Domain Expert Evaluation
73;Liu et al.;2021;Explainable XGBoost Tree-Based Prediction of Industrial Toluene Emissions;Journal of Hazardous Materials;XGBoost;SHAP Feature Contribution Plots;Feature Attribution;Local;Post-hoc;Cybersecurity & IoT;R-squared & RMSE
74;Strobelt et al.;2018;LSTMVis: A Tool for Visual Analysis of Hidden State Dynamics in Recurrent Neural Networks;IEEE TVCG;Recurrent Neural Networks (LSTM);Hidden State Visual Clusters;Intrinsic White-box;Local;Intrinsic;NLP & Recommender Systems;Qualitative User Exploration Score
75;Strobelt et al.;2019;Seq2seq-Vis: A Visual Debugging Tool for Sequence-to-Sequence Models;IEEE TVCG;Seq2Seq Models;Attention & Beam Search Alignment;Feature Attribution;Local;Intrinsic;NLP & Recommender Systems;Error Diagnosis Time
76;Strumbelj & Kononenko;2014;Explaining Prediction Models and Individual Predictions With Shapley Values;Knowledge and Information Systems;General ML Classifiers;Sampling-Based Shapley Values;Feature Attribution;Local;Post-hoc;General / Benchmark;Axiomatic Efficiency & Stability
77;Su et al.;2019;One Pixel Attack for Fooling Deep Neural Networks;IEEE TEVC;Deep Convolutional Networks;Adversarial Perturbation Saliency;Visual Saliency / Heatmap;Local;Post-hoc;Computer Vision & Autonomous Systems;Attack Success Rate (ASR)
78;Chandrasekaran et al.;2018;Explanation in Second Generation Expert Systems: Historical Perspectives;AI Magazine;Rule-Based Expert Systems;Causal Chain Tracing;Rule-based Explanations;Global;Intrinsic;General / Benchmark;Logical Completeness
79;Baniecki et al.;2019;modelStudio: Interactive Studio With Explanations for ML Predictive Models;R Journal;R Predictive Models;Interactive DALEX / Break-Down Plots;Feature Attribution;Local;Post-hoc;General / Benchmark;Software Package Usability
80;Amann et al.;2020;To Explain or Not to Explain? Artificial Intelligence, Medical Law and Ethics;Journal of Law and the Biosciences;Clinical AI;Medical Ethics & Accountability Framework;Intrinsic White-box;Global;Intrinsic;Healthcare;Ethical Governance Index
81;Angelini et al.;2018;Designing Progressive and Interactive Analytics Processes for High-Dimensional Data;ACM TCHI;High-Dimensional Data;Progressive Visual Analytics;Intrinsic White-box;Global;Intrinsic;General / Benchmark;Response Latency & User Insight Count
82;Carrizosa et al.;2020;Explaining Support Vector Machines: A Color-Based Visualization Approach;European Journal of Operational Research;Nonlinear SVM;Color-Mapped Support Vector Projections;Intrinsic White-box;Global;Post-hoc;General / Benchmark;Visual Boundary Fidelity
83;Alonso et al.;2019;An Explainable Artificial Intelligence System for Autonomous Robotic Navigation;IEEE Access;Fuzzy Logic / Deep RL;Linguistic Fuzzy Rule Explanations;Rule-based Explanations;Local;Intrinsic;Computer Vision & Autonomous Systems;Collision-Free Rate & Rule Clarity
84;Veale et al.;2018;Algorithms That Remember: Model Inversion Attacks and Data Protection Law;Philosophical Transactions of the Royal Society A;Deep Learning Models;Model Inversion Vulnerability Assessment;Feature Attribution;Local;Post-hoc;Cybersecurity & IoT;Reconstruction Precision & Privacy Risk
85;Holzinger et al.;2017;The Importance of Interpretability and Visualization in Machine Learning for Medicine;Springer LNCS;Clinical ML;Human-in-the-Loop Causability;Intrinsic White-box;Global;Intrinsic;Healthcare;Doctor Diagnostic Time Reduction
86;van der Waa et al.;2021;Evaluating XAI: A Comparison of Rule-Based and Example-Based Explanations;Artificial Intelligence;ML Classifiers;Rule vs. Example Explanation User Test;Rule-based Explanations;Local;Post-hoc;General / Benchmark;User Mental Model Accuracy & Trust
87;Wachter, Mittelstadt & Floridi;2017;Why a Right to Explanation of Automated Decision-Making Does Not Exist in the GDPR;International Data Privacy Law;Automated Decision Systems;Legal Analysis of GDPR Article 22;Intrinsic White-box;Global;Intrinsic;Finance & Credit Risk;Legal Statutory Analysis
88;Wang & Gong;2018;Stealing Hyperparameters in Machine Learning Models;IEEE S&P;Deep Learning / SVM;Hyperparameter Extraction Attack;Feature Attribution;Local;Post-hoc;Cybersecurity & IoT;Attack Accuracy & Relative Error
89;Wang & Yeung;2016;Towards Bayesian Deep Learning: A Framework and Survey;ACM Computing Surveys;Bayesian Neural Networks;Uncertainty Estimation & Variational Inference;Intrinsic White-box;Global;Intrinsic;General / Benchmark;Predictive Variance & Calibration Error
90;Molnar;2020;Interpretable Machine Learning: A Guide for Making Black Box Models Explainable;Book Published Online;All ML/DL Models;Comprehensive Book Taxonomy;Feature Attribution;Global;Post-hoc;General / Benchmark;Educational Completeness
91;Elter et al.;2018;Computer-Aided Classification of Mammographic Masses Using Visually Sensitive Features;Academic Radiology;CAD / SVM;BI-RADS Visually Sensitive Features;Feature Attribution;Local;Intrinsic;Healthcare;ROC-AUC & Radiologist Agreement
92;Weiss et al.;2018;An Empirical Evaluation of Rule Extraction From Recurrent Neural Networks;NeurIPS;RNN / GRU;DFA / Grammatical Rule Extraction;Rule-based Explanations;Global;Post-hoc;NLP & Recommender Systems;Extracted DFA Fidelity
93;Hu et al.;2019;Attribute Reduction Based on K-Nearest Neighborhood Rough Sets;IEEE T-FS;KNN / Rough Sets;Reduct Feature Selection;Feature Attribution;Global;Intrinsic;General / Benchmark;Feature Reduction Ratio & Accuracy
94;Wang et al.;2020;Bias Also Matters: Bias Attribution for Deep Neural Network Explanation;CVPR;Deep Neural Networks;Bias Attribution Maps;Feature Attribution;Local;Post-hoc;Computer Vision & Autonomous Systems;Bias Disparate Impact Score
95;Lay et al.;2020;Stacking-Based Ensemble Learning of Decision Trees for Prostate Cancer Detection;IEEE JBHI;Stacked Decision Trees;Tree Ensemble Decision Rules;Rule-based Explanations;Global;Intrinsic;Healthcare;AUC-ROC & Sensitivity
96;Gillard et al.;2019;Artificial Intelligence, Robotics, Ethics, and the Military: A Canadian Perspective;International Journal of Military Ethics;Autonomous Defense Systems;Military Ethical & Explainability Framework;Intrinsic White-box;Global;Intrinsic;Cybersecurity & IoT;Ethical Compliance Score
97;Weitz et al.;2021;Let Me Explain! Exploring the Potential of Virtual Agents in Explainable AI Interaction Design;ACM CHI;Conversational AI;Social Agent Explanation Dialogues;Feature Attribution;Local;Post-hoc;NLP & Recommender Systems;User Social Perception & Trust
98;Tonekaboni et al.;2020;Uncertainty-Aware Deep Ensembles for Reliable Predictions of Clinical Time Series;FAccT;Deep Ensembles / LSTM;Uncertainty-Weighted Feature Attributions;Feature Attribution;Local;Post-hoc;Healthcare;Expected Calibration Error (ECE) & AUC
99;Williford et al.;2020;Explainable Face Recognition Using Sub-region Attributions;ECCV;Deep Face Networks (ArcFace);Sub-region Visual Attribution Maps;Visual Saliency / Heatmap;Local;Post-hoc;Computer Vision & Autonomous Systems;Face Similarity Attribution Score
100;Zheng et al.;2018;Adapting Boosting for Information Retrieval Measures;ACM TOIS;Gradient Boosted Trees;RankSHAP / Feature Contribution;Feature Attribution;Global;Post-hoc;NLP & Recommender Systems;NDCG@10 & MAP
101;Bau et al.;2017;Network Dissection: Quantifying Interpretability of Deep Visual Representations;CVPR;Deep CNNs;Network Dissection Concept Alignment;Concept-based;Global;Post-hoc;Computer Vision & Autonomous Systems;Concept Alignment IoU Score
102;Mahmoud et al.;2019;A Novel Clustering Method for Static Video Summarization;Multimedia Tools and Applications;Video Feature Extractor;Keyframe Cluster Exemplars;Example / Prototype-based;Global;Post-hoc;Computer Vision & Autonomous Systems;F1-Score & User Precision
103;Wu et al.;2018;Beyond Sparsity: Tree Regularization of Deep Models for Interpretability;AAA;Deep Neural Networks;Tree Regularization Loss;Rule-based Explanations;Global;Intrinsic;Healthcare;Average Tree Depth & Model Accuracy
104;Xu et al.;2018;A Semantic Loss Function for Deep Learning With Symbolic Knowledge;ICML;Deep Neural Networks + Logic;Semantic Loss / Symbolic Constraints;Intrinsic White-box;Global;Intrinsic;General / Benchmark;Constraint Satisfaction Rate
105;Schaer et al.;2021;Automated Acquisition of Explainable Knowledge From Unannotated Histopathology Images;IEEE TMI;Self-Supervised CNN;Visual Concept Prototypes;Example / Prototype-based;Global;Post-hoc;Healthcare;Pathologist Concept Alignment Rate
106;Yang et al.;2020;Explainable Artificial Intelligence via Bayesian Teaching;NeurIPS;Machine Classifiers;Bayesian Teaching Exemplars;Example / Prototype-based;Global;Post-hoc;General / Benchmark;Learner Prediction Accuracy
107;Plumb et al.;2020;Enhancing Explainability of Neural Networks Through Architecture Constraints;NeurIPS;Constrained MLPs;Regularized Explanation Continuity;Intrinsic White-box;Global;Intrinsic;General / Benchmark;Explanation Lipschitz Continuity
108;Yosinski et al.;2015;Understanding Neural Networks Through Deep Visualization;ICML Workshops;Deep CNNs;Activation Maximization & DeepVis;Visual Saliency / Heatmap;Local;Post-hoc;Computer Vision & Autonomous Systems;Qualitative Visual Clarity Score
109;Panizzon et al.;2021;Towards More Explainable AI Using Continuous-Valued Logic Activation Functions;Applied Soft Computing;Fuzzy Neural Networks;Continuous Logic Rules;Rule-based Explanations;Global;Intrinsic;General / Benchmark;Logic Rule Fidelity
110;Zhang & Zhu;2018;Visual Interpretability for Deep Learning: A Survey;Frontiers of Computer Science;Deep Convolutional Nets;Visual XAI Survey Taxonomy;Visual Saliency / Heatmap;Global;Post-hoc;Computer Vision & Autonomous Systems;Survey Categorization Metric
111;Wexler et al.;2019;Manifold: A Model-Agnostic Framework for Interpretation and Diagnosis of ML Models;IEEE TVCG;Black-Box Models;Visual Feature Scatter Matrices;Intrinsic White-box;Global;Post-hoc;General / Benchmark;Debugging Time & Error Discovery
112;Guidotti et al.;2018;A Survey of Methods for Explaining Black Box Models;ACM Computing Surveys;All Black-Box Classifiers;Master Taxonomy Framework;Feature Attribution;Global;Post-hoc;General / Benchmark;Literature Coverage Metric
113;Bender & Friedman;2018;Data Statements for Natural Language Processing: Toward Mitigating System Bias;Transactions of the ACL;NLP Datasets;Data Statements & Bias Audit;Intrinsic White-box;Global;Intrinsic;NLP & Recommender Systems;Dataset Documentation Completeness
114;Zhang et al.;2018;Interpretable Convolutional Neural Networks;CVPR;CNN Architecture;Disentangled Object-Part Filters;Visual Saliency / Heatmap;Global;Intrinsic;Computer Vision & Autonomous Systems;Part Interpretability Index
115;Zhang et al.;2019;Interpreting CNNs via Decision Trees;CVPR;Deep CNNs;Tree-based Decision Extraction;Rule-based Explanations;Global;Post-hoc;Computer Vision & Autonomous Systems;Tree Decision Fidelity Ratio
116;Zhang et al.;2020;PointHop: An Explainable Machine Learning Method for Point Cloud Classification;IEEE T-IP;Point Cloud Networks;Feedforward Subspace Tree Explanations;Intrinsic White-box;Global;Intrinsic;Computer Vision & Autonomous Systems;Classification Accuracy & Energy Ratio
117;Liu et al.;2019;Tell and Guess: Cooperative Learning for Image Caption Generation With Attention;IEEE T-PAMI;CNN-RNN Captioner;Hierarchical Attention Maps;Visual Saliency / Heatmap;Local;Intrinsic;Computer Vision & Autonomous Systems;CIDEr, BLEU-4 & METEOR
118;Dayhoff & DeLeo;2018;Opening the Black Box of Neural Networks in Clinical Applications;Journal of Medical Systems;Clinical MLPs;Sensitivity Analysis & Rule Extraction;Feature Attribution;Global;Post-hoc;Healthcare;Clinical Utility & AUC
119;Li et al.;2019;Spectral-Spatial Feature Extraction for Hyperspectral Image Classification;IEEE TGRS;Spectral-Spatial 3D-CNN;Band Importance Saliency;Visual Saliency / Heatmap;Global;Post-hoc;Computer Vision & Autonomous Systems;Overall Accuracy (OA)
120;Zheng et al.;2019;FinBrain: When Finance Meets AI 2.0;IEEE Intelligent Systems;Financial AI Systems;Financial Knowledge Graph Explanations;Rule-based Explanations;Global;Intrinsic;Finance & Credit Risk;Investment Return & Explanatory Clarity
121;Bau et al.;2017;Interpreting Deep Visual Representations via Network Dissection (Extended);CVPR;Deep CNNs (AlexNet/ResNet);Network Dissection Concept Score;Concept-based;Global;Post-hoc;Computer Vision & Autonomous Systems;Human Concept Alignment Score
122;Guh et al.;2018;Recognition of Control Chart Patterns Using Fuzzy SVM With Hybrid Kernel;Computers & Industrial Engineering;Fuzzy SVM;Fuzzy Membership Rules;Rule-based Explanations;Global;Intrinsic;Cybersecurity & IoT;Pattern Recognition Accuracy Rate
123;Pan et al.;2016;Challenges and Opportunities: From Big Data to Knowledge in AI 2.0;Frontiers of Information Technology & EE;AI Systems;Knowledge-Driven AI Taxonomy;Intrinsic White-box;Global;Intrinsic;General / Benchmark;Conceptual Systemic Index
124;Krizhevsky et al.;2017;A Simple Convolutional Neural Network With High Interpretability;IEEE Access;Shallow CNN;Filter Visualization & Occlusion Maps;Visual Saliency / Heatmap;Local;Post-hoc;Computer Vision & Autonomous Systems;Classification Top-1 Accuracy
125;Lundberg & Lee;2017;A Unified Approach to Interpreting Model Predictions (SHAP);NeurIPS;All Machine Learning Models;SHapley Additive exPlanations (SHAP);Feature Attribution;Local;Post-hoc;General / Benchmark;Consistency & Human Ground Truth Test
126;Lundberg et al.;2020;From Local Explanations to Global Understanding With Explainable AI for Trees;Nature Machine Intelligence;Tree Ensembles (XGBoost/RF);TreeSHAP & Interaction Values;Feature Attribution;Global;Post-hoc;Healthcare;Computation Time & Axiomatic Validation
127;Ribeiro, Singh & Guestrin;2018;Anchors: High-Precision Model-Agnostic Explanations;AAAI;Black-Box Classifiers;Anchor IF-THEN Rules;Rule-based Explanations;Local;Post-hoc;General / Benchmark;Rule Precision & Coverage
128;Sundararajan, Taly & Yan;2017;Axiomatic Attribution for Deep Networks (Integrated Gradients);ICML;Deep Neural Networks;Integrated Gradients (IG);Feature Attribution;Local;Post-hoc;Computer Vision & Autonomous Systems;Completeness & Implementation Invariance
129;Simonyan, Vedaldi & Zisserman;2014;Deep Inside Convolutional Networks: Visualising Image Classification Models and Saliency Maps;ICLR Workshops;Deep CNNs (VGG);Vanilla Saliency Maps via Backprop;Visual Saliency / Heatmap;Local;Post-hoc;Computer Vision & Autonomous Systems;Visual Saliency Localization Score
130;Bach et al.;2015;On Pixel-Wise Explanations for Non-Linear Classifier Decisions by Layer-Wise Relevance Propagation;PLoS ONE;Deep Neural Networks;Layer-wise Relevance Propagation (LRP);Feature Attribution;Local;Post-hoc;Computer Vision & Autonomous Systems;Relevance Conservation & Pixel Deletion AUC
131;Smilkov et al.;2017;SmoothGrad: Removing Noise by Adding Noise;ICML Workshops;Deep Convolutional Networks;SmoothGrad Gradient Averaging;Visual Saliency / Heatmap;Local;Post-hoc;Computer Vision & Autonomous Systems;Visual Noise Reduction Ratio
132;Springenberg et al.;2015;Striving for Simplicity: The All Convolutional Net (Guided Backprop);ICLR Workshops;All-Convolutional Net;Guided Backpropagation;Visual Saliency / Heatmap;Local;Post-hoc;Computer Vision & Autonomous Systems;Feature Map Visual Reconstruction
133;Blei et al.;2017;Automated Scalable Bayesian Inference via Variational Autoencoders;JASA;Bayesian Deep Models;Variational Posterior Credible Intervals;Intrinsic White-box;Global;Intrinsic;General / Benchmark;Evidence Lower Bound (ELBO)
134;Zhou et al.;2016;Learning Deep Features for Discriminative Localization (CAM);CVPR;CNN with Global Average Pooling;Class Activation Mapping (CAM);Visual Saliency / Heatmap;Local;Post-hoc;Computer Vision & Autonomous Systems;Localization Error Rate & Bounding Box Overlap
135;Chattopadhay et al.;2018;Grad-CAM++: Generalized Gradient-Based Visual Explanations for Deep Convolutional Networks;WACV;Deep CNNs;Grad-CAM++ Second-Order Attribution;Visual Saliency / Heatmap;Local;Post-hoc;Computer Vision & Autonomous Systems;Increase in Confidence & Drop Percentage
136;Petsiuk et al.;2018;RISE: Randomized Input Sampling for Explanation of Black-Box Models;BMVC;Black-Box Image Classifiers;Randomized Input Sampling for Explanation;Visual Saliency / Heatmap;Local;Post-hoc;Computer Vision & Autonomous Systems;Deletion & Insertion AUC Curves
137;Fong & Vedaldi;2017;Interpretable Explanations of Black Boxes by Meaningful Perturbation;ICCV;Deep Neural Networks;Meaningful Extremal Perturbations;Visual Saliency / Heatmap;Local;Post-hoc;Computer Vision & Autonomous Systems;Perturbation Mask Area vs. Loss Increase
138;Kim et al.;2018;Interpretability Beyond Feature Attribution: Quantitative Testing With Concept Activation Vectors (TCAV);ICML;Deep Neural Networks;Testing with Concept Activation Vectors (TCAV);Concept-based;Global;Post-hoc;Computer Vision & Autonomous Systems;TCAV Score Statistical Significance
139;Wachter, Mittelstadt & Russell;2018;Counterfactual Explanations Without Opening the Black Box: Automated Decisions and the GDPR;Harvard Journal of Law & Technology;Automated ML Decisions;Distance-Based Counterfactual Explanations;Feature Attribution;Local;Post-hoc;Finance & Credit Risk;L1/L2 Distance & Feature Feasibility
140;Mothilal et al.;2020;Explaining Machine Learning Classifiers Through Diverse Counterfactual Explanations (DiCE);FAccT;ML/DL Classifiers;Diverse Counterfactual Explanations (DiCE);Feature Attribution;Local;Post-hoc;Finance & Credit Risk;Diversity Metric & Proximity Score
141;Koh & Liang;2017;Understanding Black-Box Predictions via Influence Functions (Applications);ICML;Deep Classifiers;Hessian-Based Influence Functions;Feature Attribution;Local;Post-hoc;General / Benchmark;Test Point Attribution Accuracy
142;Ribeiro et al.;2020;Beyond Accuracy: Behavioral Testing of NLP Models With CheckList;ACL;NLP Models (BERT/Transformers);CheckList Behavioral Testing Suite;Intrinsic White-box;Global;Post-hoc;NLP & Recommender Systems;Behavioral Bug Detection Rate
143;Lakkaraju et al.;2016;Interpretable Decision Sets: A Joint Framework for Description and Prediction;KDD;Tabular Machine Learning;Independent IF-THEN Decision Sets;Rule-based Explanations;Global;Intrinsic;Healthcare;Predictive Accuracy & Overlap Rate
144;Ignatiev et al.;2019;Learning Explainable Decision Rules via Maximum Satisfiability (MaxSAT);IJCAI;Decision Rule Classifiers;MaxSAT Rule Extraction;Rule-based Explanations;Global;Intrinsic;General / Benchmark;Rule Minimal Cardinality
145;Letham et al.;2015;Interpretable Classifiers Using Rules and Bayesian Analysis: Building a Better Stroke Prediction Model;Annals of Applied Statistics;Bayesian Rule Lists (BRL);Bayesian Rule List Rules;Rule-based Explanations;Global;Intrinsic;Healthcare;Stroke Prediction AUC & Rule Length
146;Caruana et al.;2015;Intelligible Models for HealthCare: Predicting Pneumonia Risk and Hospital 30-Day Readmission;KDD;Generalized Additive Models (GA2M);Explainable Boosting Machines (EBM);Intrinsic White-box;Global;Intrinsic;Healthcare;AUC-ROC & Risk Curve Interpretability
147;Lou, Caruana & Gehrke;2013;Accurate Intelligible Models With Pairwise Interactions;KDD;Generalized Additive Models;GA2M Interaction Graphs;Intrinsic White-box;Global;Intrinsic;Healthcare;RMSE & Feature Interaction Strength
148;Friedman;2001;Greedy Function Approximation: A Gradient Boosting Machine;Annals of Statistics;Gradient Boosting Machine;Partial Dependence Plots & Permutation Importance;Feature Attribution;Global;Post-hoc;General / Benchmark;Test Relative Importance
149;Goldstein et al.;2015;Peeking Inside the Black Box: Visualizing Statistical Learning With Individual Conditional Expectation Plots;JCGS;Supervised ML Models;Individual Conditional Expectation (ICE);Feature Attribution;Local;Post-hoc;General / Benchmark;Heterogeneity Variance Metric
150;Apley & Zhu;2020;Visualizing the Effects of Predictor Variables in Black Box Supervised Learning Models (ALE);JRSS-B;Black-Box Supervised Models;Accumulated Local Effects (ALE);Feature Attribution;Global;Post-hoc;General / Benchmark;ALE Feature Effect Variance
151;Fisher, Rudin & Dominici;2019;All Models Are Wrong, but Many Are Useful: Model Class Reliance (MCR);Journal of Machine Learning Research;Model Classes;Model Class Reliance (MCR);Feature Attribution;Global;Post-hoc;General / Benchmark;MCR Variable Reliance Bounds
152;Breiman;2001;Random Forests;Machine Learning Journal;Random Forest Ensembles;Out-Of-Bag (OOB) Permutation Feature Importance;Feature Attribution;Global;Intrinsic;General / Benchmark;OOB Error & Feature Importance Score
153;Shrikumar et al.;2017;Learning Important Features Through Propagating Activation Differences (DeepLIFT);ICML;Deep Neural Networks;DeepLIFT Rescale Rules;Feature Attribution;Local;Post-hoc;General / Benchmark;Target Output Conservation
154;Bahdanau, Cho & Bengio;2015;Neural Machine Translation by Jointly Learning to Align and Translate;ICLR;Seq2Seq NMT;Additive Attention Matrix;Feature Attribution;Local;Intrinsic;NLP & Recommender Systems;BLEU Score & Alignment Heatmap
155;Carvalho et al.;2019;Machine Learning Interpretability: A Survey on Methods and Metrics;Electronics;All ML Models;Interpretability Metrics Survey;Feature Attribution;Global;Post-hoc;General / Benchmark;Taxonomical Completeness Index
156;Vaswani et al.;2017;Attention Is All You Need;NeurIPS;Transformer Architecture;Multi-Head Self-Attention Weights;Feature Attribution;Local;Intrinsic;NLP & Recommender Systems;BLEU Score & Attention Heatmaps
157;Gilpin et al.;2018;Explaining Explanations: An Overview of Interpretability of Machine Learning;IEEE DSAA;Deep Learning Models;Fidelity vs. Interpretability Framework;Intrinsic White-box;Global;Post-hoc;General / Benchmark;Fidelity & Interpretability Tradeoff
158;Carvalho et al.;2019;Machine Learning Interpretability: A Survey on Methods and Metrics (Extended);Electronics;Machine Learning Classifiers;Methods and Metrics Survey;Feature Attribution;Global;Post-hoc;General / Benchmark;Metric Coverage Ratio
159;Das & Rad;2020;Opportunities and Challenges in Explainable Artificial Intelligence (XAI): A Survey;IEEE Access;Deep Neural Networks;XAI Opportunities & Challenges Taxonomy;Intrinsic White-box;Global;Post-hoc;General / Benchmark;Challenge Classification Metric
160;Pantelas et al.;2020;A Survey on the Explainability of Supervised Machine Learning;Journal of Applied Intelligence;Supervised ML Models;Supervised XAI Taxonomy;Feature Attribution;Global;Post-hoc;General / Benchmark;Literature Coverage Score
161;Murdoch et al.;2019;Definitions, Methods, and Applications in Interpretable Machine Learning;PNAS;Supervised Deep Learning;PIDC (Predictive, Descriptive, Relevant) Framework;Intrinsic White-box;Global;Post-hoc;Healthcare;Descriptive Accuracy Index
162;Karpathy et al.;2016;Visualizing and Understanding Recurrent Neural Networks;ICLR Workshops;LSTM / Recurrent Nets;Cell State Tracking & Attractors;Intrinsic White-box;Local;Intrinsic;NLP & Recommender Systems;Cell Activation Correlation
163;Zhou et al.;2021;Notions of Explainability and Evaluation Approaches for Explainable AI;Information Processing & Management;AI Decision Systems;Evaluation Taxonomy Framework;Intrinsic White-box;Global;Post-hoc;General / Benchmark;Evaluation Criterion Index
164;Speith;2021;A Review of Taxonomies of Explainable Artificial Intelligence (XAI) Methods;FAccT;AI Taxonomies;Meta-Taxonomy Evaluation;Intrinsic White-box;Global;Post-hoc;General / Benchmark;Meta-Taxonomic Fit Score
165;Saeeed & Omlin;2021;Explainable AI (XAI): A Systematic Meta-Survey of Current Challenges and Future Opportunities;Knowledge-Based Systems;AI / DL Models;Systematic Meta-Survey Taxonomy;Intrinsic White-box;Global;Post-hoc;General / Benchmark;Meta-Survey Coverage Metric
166;Vilone & Longo;2021;A Comprehensive Taxonomy for Explainable Artificial Intelligence: A Systematic Survey;Information Fusion;XAI Methods & Concepts;Comprehensive Survey Taxonomy;Feature Attribution;Global;Post-hoc;General / Benchmark;Taxonomic Categorization Index
167;Barredo Arrieta et al.;2020;Explainable AI (XAI): Core Ideas, Techniques, and Solutions;Neurocomputing;Deep Learning / Machine Learning;Core Techniques Taxonomy;Feature Attribution;Global;Post-hoc;General / Benchmark;Methodological Coverage Metric
168;Gunning et al.;2019;DARPA's Explainable Artificial Intelligence (XAI) Program: Lessons Learned;AI Magazine;DARPA XAI Systems;Trustworthy AI Framework;Intrinsic White-box;Global;Post-hoc;Computer Vision & Autonomous Systems;Operator Task Performance & Trust
169;Montavon, Samek & Müller;2018;Methods for Interpreting and Understanding Deep Neural Networks;Digital Signal Processing;Deep Neural Networks;LRP & Gradient Attribution Methods;Feature Attribution;Local;Post-hoc;Computer Vision & Autonomous Systems;Pixel Perturbation Loss
170;Zhang, Tiňo et al.;2021;A Survey on Neural Network Interpretability;IEEE TNNLS;Deep Neural Networks;Neural Network Interpretability Taxonomy;Feature Attribution;Global;Post-hoc;General / Benchmark;Literature Coverage Index
171;Bodria et al.;2021;Benchmarking and Survey of Explanation Methods for Black-Box Models;Data Mining and Knowledge Discovery;Black-Box Classifiers;Quantitative Benchmarking Suite;Feature Attribution;Local;Post-hoc;General / Benchmark;Fidelity, Robustness & Time Metrics
172;Zhou et al.;2021;From Anecdotal Evidence to Quantitative Evaluation Methods: A Systematic Review on Evaluating XAI;ACM Computing Surveys;XAI Evaluation Protocols;Quantitative Evaluation Metrics Survey;Intrinsic White-box;Global;Post-hoc;General / Benchmark;Evaluation Rigor Score
173;Chakraborty et al.;2017;Interpretability of Deep Learning Models: A Survey;IEEE Access;Deep Neural Networks;Deep Interpretability Taxonomy;Feature Attribution;Global;Post-hoc;General / Benchmark;Survey Categorization Metric
174;Doshi-Velez & Kim;2017;Towards A Rigorous Science of Interpretable Machine Learning;arXiv Preprint;Human-AI Systems;Three-Tier Evaluation Taxonomy (Application, Human, Function);Intrinsic White-box;Global;Post-hoc;General / Benchmark;Evaluation Tier Alignment
175;Hooker et al.;2019;A Benchmark for Interpretability Methods in Deep Neural Networks (ROAR);NeurIPS;Deep Neural Networks;Remove and Retrain (ROAR);Feature Attribution;Local;Post-hoc;Computer Vision & Autonomous Systems;ROAR Accuracy Degradation Curve
176;Slack et al.;2020;Fooling LIME and SHAP: Adversarial Attacks on Post Hoc Explanation Methods;FAccT;LIME / SHAP Explanations;Adversarial Perturbation Attack;Feature Attribution;Local;Post-hoc;Finance & Credit Risk;Adversarial Success Rate & Out-of-Distribution Detection
177;Alvarez-Melis & Jaakkola;2018;On the Robustness of Interpretability Methods;NeurIPS Workshops;Saliency & Feature Attributions;Lipschitz Continuity Robustness Metric;Feature Attribution;Local;Post-hoc;General / Benchmark;Lipschitz Invariance Coefficient
178;Yeh et al.;2019;On the (In)fidelity and Sensitivity for Explanations;NeurIPS;Black-Box Explanations;Infidelity & Sensitivity Formal Metrics;Feature Attribution;Local;Post-hoc;General / Benchmark;Infidelity & Sensitivity Scores
179;Nguyen et al.;2016;Evaluating the Visualization of What a Deep Neural Network Has Learned;NeurIPS;Deep CNNs;Visual Activation Maximization Evaluation;Visual Saliency / Heatmap;Local;Post-hoc;Computer Vision & Autonomous Systems;Human Visual Recognition Rate
180;Liao et al.;2020;Question-Driven Design Process for Explainable AI User Experiences;ACM CHI;Human-XAI Systems;User Study UX Taxonomy;Intrinsic White-box;Global;Post-hoc;General / Benchmark;User Question Satisfaction Rate
181;Chan et al.;2015;PCANet: A Simple Deep Learning Baseline for Image Classification;IEEE TIP;PCA-based Deep Net;PCA Filter Feature Projections;Intrinsic White-box;Global;Intrinsic;Computer Vision & Autonomous Systems;Image Classification Accuracy
182;Ghorbani, Abid & Zou;2019;Interpretation of Neural Networks Is Fragile;AAAI;Deep Neural Networks;Adversarial Saliency Perturbation Attack;Visual Saliency / Heatmap;Local;Post-hoc;Computer Vision & Autonomous Systems;Attribution Change Ratio (Kendall Tau)
183;Sixt, Granz & Landgraf;2020;When Explanations Lie: Why Many Modified BP Attributions Fail;ICML;Guided Backprop / DeconvNet;Modified Backprop Convergence Proof;Visual Saliency / Heatmap;Local;Post-hoc;Computer Vision & Autonomous Systems;Convergence Invariance Test
184;Krishna et al.;2021;The Disagreement Problem in Explainable Machine Learning: A Practitioner's Perspective;FAccT;SHAP, LIME & Integrated Gradients;Feature Agreement Metric;Feature Attribution;Local;Post-hoc;Finance & Credit Risk;Feature Rank Correlation (Kendall/Spearman)
185;Bhatt et al.;2020;Explainable Machine Learning in Deployment;FAccT;Enterprise ML Deployments;Deployment Lifecycle XAI Audit;Intrinsic White-box;Global;Post-hoc;Finance & Credit Risk;Enterprise Adoption Index
186;Jacovi & Goldberg;2020;Towards Faithfully Interpretable NLP Systems: How Should We Define and Evaluate Faithfulness?;ACL;NLP Models;Faithfulness Operational Definition;Feature Attribution;Local;Post-hoc;NLP & Recommender Systems;Erasure / Sufficiency Score
187;Hase & Bansal;2020;Evaluating Explainable AI: Which Algorithmic Explanations Help Users Predict Model Behavior?;ACL;NLP / Vision Models;Simulated User Prediction Test;Feature Attribution;Local;Post-hoc;NLP & Recommender Systems;User Simulation Accuracy
188;Alvarez-Melis & Jaakkola;2018;Towards Robust Interpretability With Self-Explaining Neural Networks (SENN);NeurIPS;Self-Explaining Neural Net;SENN Ante-Hoc Explanations;Intrinsic White-box;Global;Intrinsic;General / Benchmark;Stability & Robustness Metric
189;Chen et al.;2019;This Looks Like That: Deep Learning for Interpretable Image Recognition (ProtoPNet);NeurIPS;ProtoPNet Architecture;Case-Based Prototype Explanations;Example / Prototype-based;Local;Intrinsic;Computer Vision & Autonomous Systems;Prototype Activation & Accuracy
190;Chen et al.;2019;L-Shapley and C-Shapley: Efficient Model Interpretation for Structured Data;ICLR;Structured Deep Models;Local & Contextual Shapley Values;Feature Attribution;Local;Post-hoc;General / Benchmark;Shapley Approximation Error & Time
191;Koh et al.;2020;Concept Bottleneck Models;ICML;Concept Bottleneck Networks;Concept Bottleneck Layer Interventions;Concept-based;Global;Intrinsic;Healthcare;Concept Predictability & Task Accuracy
192;Ghorbani et al.;2019;Towards Automatic Concept-based Explanations (ACE);NeurIPS;Deep CNNs;Automated Concept Extraction (ACE);Concept-based;Global;Post-hoc;Computer Vision & Autonomous Systems;Concept Coherence & Significance
193;Yuksekgonul et al.;2021;Concept Bottleneck With Visual Concept Filtering for Explainable Vision Models;CVPR;Vision-Language Bottleneck;Filtered Visual Concept Representations;Concept-based;Global;Intrinsic;Computer Vision & Autonomous Systems;Concept Alignment Precision
194;Nauta et al.;2021;Neural Prototype Trees for Interpretable Fine-Grained Image Recognition (ProtoTree);CVPR;ProtoTree Architecture;Hierarchical Prototype Tree Rules;Example / Prototype-based;Local;Intrinsic;Computer Vision & Autonomous Systems;Decision Tree Fidelity & Accuracy
195;Rudin et al.;2022;Interpretable Machine Learning: Fundamental Principles and 10 Grand Challenges;Statistic Surveys;All ML/DL Models;Ten Grand Challenges Taxonomy;Intrinsic White-box;Global;Intrinsic;General / Benchmark;Grand Challenge Roadmap Index
196;Angelov & Soares;2020;Towards Explainable Deep Neural Networks (xDNN);Neural Networks;xDNN Glass-Box Net;Prototype-Based Glass-Box Rules;Example / Prototype-based;Global;Intrinsic;Computer Vision & Autonomous Systems;Execution Time & Classification Accuracy
197;Tonekaboni et al.;2019;What Clinicians Want: Contextualizing Explainable Machine Learning for Clinical End Use;MLHC;Clinical Decision Models;Clinician Interview UX Survey;Intrinsic White-box;Global;Post-hoc;Healthcare;Clinician Usability Index
198;Antoniadi et al.;2021;Current Challenges and Opportunities for XAI in Clinical Decision Support Systems;Applied Sciences;Clinical Decision Support Systems;Clinical XAI Systematic Review Taxonomy;Intrinsic White-box;Global;Post-hoc;Healthcare;Review Quality Index
199;Holzinger et al.;2019;Causability and Explainability of Artificial Intelligence in Medicine;Wiley Interdisciplinary Reviews: Data Mining;Medical AI Systems;System Causability Scale (SCS);Intrinsic White-box;Global;Intrinsic;Healthcare;System Causability Scale (SCS) Score
200;Lauritsen et al.;2020;Explainable Artificial Intelligence Model to Predict Acute Critical Illness From EHRs;Nature Communications;Temporal CNN / Ensemble;SHAP Explanations & Clinical Timelines;Feature Attribution;Local;Post-hoc;Healthcare;AUC-ROC & Early Warning Time
201;Chen et al.;2020;Adaptive Explainable Neural Networks (AxNNs);IEEE TNNLS;AxNN Glass-Box Architecture;Additive Non-Linear Feature Functions;Intrinsic White-box;Global;Intrinsic;Finance & Credit Risk;Function Approximation Error & AUC
202;Bhatt et al.;2020;Intelligible and Explainable Machine Learning: Best Practices and Practical Challenges;KDD Tutorials;Enterprise ML Models;Industry Best Practices Taxonomy;Intrinsic White-box;Global;Post-hoc;Finance & Credit Risk;Best Practice Readiness Score
203;Bussmann et al.;2021;Machine Learning Explainability in Finance: An Application to Default Risk Analysis;FinTech Journal;XGBoost / Random Forest;Shapley Values & Credit Scoring Trees;Feature Attribution;Local;Post-hoc;Finance & Credit Risk;Default Prediction AUC & Gini
204;Bracke et al.;2019;Explainable Machine Learning in Credit Risk Management;Bank of England Staff Working Paper;Credit Risk Classifiers;Weight of Evidence (WoE) & SHAP;Feature Attribution;Global;Post-hoc;Finance & Credit Risk;Capital Adequacy & AUC
205;Warnecke et al.;2020;Evaluating Explanation Methods for Deep Learning in Security;IEEE S&P;Malware & Intrusion Detectors;Security Explanation Perturbation Audit;Feature Attribution;Local;Post-hoc;Cybersecurity & IoT;Adversarial Robustness Rate
206;Danilevsky et al.;2020;A Survey of the State of Explainable AI for Natural Language Processing;ACL Findings;NLP Deep Models;NLP XAI Taxonomy;Feature Attribution;Global;Post-hoc;NLP & Recommender Systems;NLP Literature Coverage Metric
207;Wallace et al.;2019;AllenNLP Interpret: A Framework for Explaining Predictions of NLP Models;EMNLP;Transformer / AllenNLP Models;Saliency, Integrated Gradients & SmoothGrad;Feature Attribution;Local;Post-hoc;NLP & Recommender Systems;Interactive Toolkit Latency
208;Sundararajan & Najmi;2020;The Many Shapley Values for Model Explanation;ICML;Cooperative Game Theory Models;Baseline vs. Marginal Shapley Axioms;Feature Attribution;Local;Post-hoc;General / Benchmark;Axiomatic Symmetry & Linearity Test
209;Bau et al.;2020;Understanding the Role of Individual Units in a Deep Neural Network;PNAS;Deep CNNs & GANs;Disentangled Unit Activation Analysis;Concept-based;Global;Post-hoc;Computer Vision & Autonomous Systems;Unit Concept Purity Score
210;Goyal et al.;2019;Counterfactual Visual Explanations;ICCV;Generative Adversarial Networks (GAN);Visual In-Distribution Counterfactual Edits;Feature Attribution;Local;Post-hoc;Computer Vision & Autonomous Systems;Image Realism & Counterfactual Swap Rate
211;Adebayo et al.;2018;Sanity Checks for Saliency Maps (Conference Edition);NeurIPS;Deep CNN Classifiers;Model Parameter & Label Randomization;Visual Saliency / Heatmap;Local;Post-hoc;Computer Vision & Autonomous Systems;Structural Similarity Index (SSIM)
212;Chen et al.;2020;Explaining Models by Propagating Shapley Values;ICLR;Deep Neural Networks;DeepSHAP Propagation Rules;Feature Attribution;Local;Post-hoc;General / Benchmark;Shapley Approximation Accuracy
213;Miller;2019;Explanation in Artificial Intelligence: Insights From the Social Sciences (Extended);Artificial Intelligence;Human-Centered Systems;Social Explanation Principles;Intrinsic White-box;Global;Post-hoc;General / Benchmark;Human Cognitive Alignment Index
214;Choi et al.;2016;RETAIN: An Interpretable Predictive Model for Healthcare Using Reverse Time Attention;NeurIPS;Reverse Time Attention RNN;Two-Level Attention Weights;Feature Attribution;Local;Intrinsic;Healthcare;AUC-ROC & Clinical Feature Importance
215;Choi et al.;2020;Prediction of IDH Genotype in Gliomas Using an Explainable Recurrent Neural Network;Neuro-Oncology;Recurrent Neural Network;Recurrent Time Attention Maps;Visual Saliency / Heatmap;Local;Intrinsic;Healthcare;ROC-AUC & Sensitivity
216;Lin et al.;2021;AMC-Loss: Angular Margin Contrastive Loss for Improved Explainability in Image Classification;IEEE T-IP;ResNet / CNN;Angular Contrastive Visual Maps;Visual Saliency / Heatmap;Local;Intrinsic;Computer Vision & Autonomous Systems;Top-1 Accuracy & Class Separation Score
217;Liu et al.;2017;Visual Analytics for Explainable Deep Learning: A Survey;IEEE CG&A;Deep Learning Models;Visual Analytics Taxonomy;Intrinsic White-box;Global;Post-hoc;General / Benchmark;Visual Analytics Usability Metric
218;Cortez & Embrechts;2013;Using Sensitivity Analysis and Visualization Techniques to Open Black Box Data Mining Models;Information Sciences;Data Mining Classifiers;Global Sensitivity Analysis (GSA);Feature Attribution;Global;Post-hoc;General / Benchmark;Variance Contribution Ratio
219;Towell & Shavlik;2018;Extracting Symbolic Rules From Trained Neural Networks (KBANN);Machine Learning Journal;Knowledge-Based ANNs;M-of-N Symbolic Rule Extraction;Rule-based Explanations;Global;Post-hoc;General / Benchmark;Extracted Rule Accuracy & Fidelity
220;Venkatesh et al.;2020;Explainable Artificial Intelligence Approaches and Deep Meta-Learning Models;Neural Networks;Deep Meta-Learning Nets;Meta-Attention Weights;Feature Attribution;Local;Post-hoc;General / Benchmark;Few-Shot Classification Accuracy
221;Dai et al.;2019;A Backdoor Attack Against LSTM-Based Text Classification Systems;IEEE Access;LSTM Classifiers;Attribution Backdoor Detection;Feature Attribution;Local;Post-hoc;Cybersecurity & IoT;Attack Success Rate & Poison Ratio
222;Myrans et al.;2019;Utilizing Text Recognition for Defects Extraction in Sewers CCTV Inspection Videos;Automation in Construction;CNN + OCR;Visual Defect Saliency Maps;Visual Saliency / Heatmap;Local;Post-hoc;Cybersecurity & IoT;Defect Detection Precision & Recall
223;Feldman et al.;2015;Auditing Black-Box Models for Indirect Influence;KDD;Predictive Classifiers;Indirect Influence & Disparate Impact Audit;Rule-based Explanations;Global;Post-hoc;Finance & Credit Risk;Disparate Impact Score
224;Dang et al.;2019;A Survey on Internet of Things and Cloud Computing for Healthcare;IEEE Access;IoT-Cloud Systems;IoT Security & Transparency Architecture;Intrinsic White-box;Global;Intrinsic;Cybersecurity & IoT;System Latency & Security Audit
225;Hassija et al.;2020;Explainable AI: A Hybrid Approach to Generate Human-Interpretable Explanations;IEEE Access;Hybrid Deep Nets;Fuzzy-Rule Hybrid Explanations;Rule-based Explanations;Local;Post-hoc;General / Benchmark;Fidelity & Human Comprehension
226;Deeks;2019;The Judicial Demand for Explainable Artificial Intelligence;Columbia Law Review;Legal AI Algorithms;Judicial Due Process & Reasoned Decisions Framework;Intrinsic White-box;Global;Intrinsic;Finance & Credit Risk;Judicial Review Compliance Index
227;Ingrassia et al.;2018;High-Dimensional Regression With Gaussian Mixtures and Latent Variables;Journal of Multivariate Analysis;Gaussian Mixture Models;Mixture Component Weights;Intrinsic White-box;Global;Intrinsic;General / Benchmark;Log-Likelihood & BIC
228;Deng;2019;Interpreting Tree Ensembles With inTrees;International Journal of Data Science and Analytics;Random Forest / GBM;inTrees Rule Extraction & Trimming;Rule-based Explanations;Global;Post-hoc;General / Benchmark;Rule Set Coverage & Precision
229;Drosatos et al.;2018;Data2Vis: Automatic Generation of Data Visualizations Using Seq2Seq RNNs;IEEE VIS;Seq2Seq Recurrent Net;Attention Weights & Vega-Lite Specifications;Feature Attribution;Local;Intrinsic;NLP & Recommender Systems;Visualization Generation Accuracy
230;Garcez et al.;2019;Neural-Symbolic Computing: An Effective Methodology for Explainable AI;Journal of Applied Logics;Neural-Symbolic Networks;Symbolic Logic Rules;Rule-based Explanations;Global;Intrinsic;General / Benchmark;Logical Deduction Fidelity
231;Dennis et al.;2019;RegressionExplorer: Interactive Exploration of Logistic Regression Subgroups;IEEE TVCG;Logistic Regression Models;Subgroup Odds Ratio Visualizations;Intrinsic White-box;Global;Intrinsic;Healthcare;Subgroup Discovery Rate
232;Kaur et al.;2020;Smart Video Summarization Using Mealy Machine Trajectory Modelling;IEEE TCSVT;Mealy Finite State Machine;State Trajectory Transition Rules;Rule-based Explanations;Global;Intrinsic;Computer Vision & Autonomous Systems;Summarization Compression Ratio & Precision
233;Ribera & Lapedriza;2019;Can We Explain What We Do Not Understand? A Conceptualization of Perspectives in XAI;ACM CHI Workshops;Human-AI Systems;Conceptual Perspective Taxonomy;Intrinsic White-box;Global;Post-hoc;General / Benchmark;Perspective Alignment Score
234;Barakat & Diederich;2005;Eclectic Rule Extraction From Support Vector Machines (FSVM);IEEE T-KDE;Support Vector Machines;Fuzzy IF-THEN Rule Extraction;Rule-based Explanations;Global;Post-hoc;General / Benchmark;Rule Extraction Fidelity & Accuracy
235;Ibitoye et al.;2020;Robustness Evaluations of Sustainable ML Models Against Data Poisoning in IoT;IEEE Access;IoT Machine Learning;Data Poisoning Perturbation Sensitivity;Feature Attribution;Local;Post-hoc;Cybersecurity & IoT;Accuracy Drop & Attack Sensitivity
236;Wu et al.;2019;Enforcing Interpretability and Its Statistical Impacts: Trade-offs Between Accuracy and Interpretability;AISTATS;Constrained Linear/Tree Models;Parsimony Constraint Regularization;Intrinsic White-box;Global;Intrinsic;General / Benchmark;Pareto Frontier Accuracy vs. Sparsity
237;Basu et al.;2018;Iterative Random Forests to Discover Predictive Interactions (iRF);PNAS;Iterative Random Forests;High-Order Interaction Rules;Rule-based Explanations;Global;Post-hoc;Healthcare;Interaction Stability Score
238;Serre;2019;Deep Learning: The Good, the Bad, and the Ugly (Special Issue Editorial);Frontiers in Computer Science;Deep Neural Networks;Neuro-Inspired Interpretability Framework;Intrinsic White-box;Global;Post-hoc;Healthcare;Biological Plausibility Metric
239;Solorio-Fernández et al.;2020;Unsupervised Feature Selection With Ensemble Learning;Information Fusion;Ensemble Clustering;Feature Importance Scores;Feature Attribution;Global;Intrinsic;General / Benchmark;Clustering Silhouette Index
240;Elshawi et al.;2019;On the Interpretability of Machine Learning-Based Model for Predicting Hypertension;BMC Medical Informatics and Decision Making;Random Forest / XGBoost;SHAP & LIME Local Attributions;Feature Attribution;Local;Post-hoc;Healthcare;AUC-ROC & Clinical Feature Importance
241;Erfani et al.;2016;High-Dimensional Anomaly Detection Using Linear One-Class SVM With Deep Features;Knowledge-Based Systems;Deep Autoencoder + One-Class SVM;Reconstruction Error & Weight Vector;Feature Attribution;Local;Intrinsic;Cybersecurity & IoT;F1-Score & AUC
242;Ge et al.;2017;Process Monitoring for Quality: A Model Selection Criterion for Support Vector Machine;IEEE T-II;Kernel SVM;Fault Contribution Plots;Feature Attribution;Local;Post-hoc;Cybersecurity & IoT;Fault Detection Rate (FDR)
243;Wortham et al.;2017;Robots and Transparency: The Multiple Dimensions of Transparency in Robot Technologies;Interaction Studies;Autonomous Robots;Behavioral Trace Logs;Intrinsic White-box;Global;Intrinsic;Computer Vision & Autonomous Systems;Human Observer Task Prediction Rate
244;Alsinglawi et al.;2020;Ensemble Machine Learning Prediction and Variable Importance Analysis of Post-Operative Mortality;IEEE JBHI;Ensemble (RF + XGBoost);Permutation Variable Importance;Feature Attribution;Global;Post-hoc;Healthcare;AUC-ROC & 5-Year Survival Precision
245;Tang et al.;2016;Data Summarization: A Survey;Knowledge and Information Systems;Data Summarization Engines;Summarization Prototype Metrics;Example / Prototype-based;Global;Intrinsic;General / Benchmark;Compression Ratio & Information Loss
246;Tsang et al.;2020;Decision Theory Meets Explainable AI: Axiomatic Utility Explanations;NeurIPS;Decision-Theoretic Classifiers;Utility Disambiguation Trees;Intrinsic White-box;Global;Intrinsic;General / Benchmark;Expected Utility Maximization
247;Wang et al.;2018;Clustering-Based K-Nearest Neighbor Classification With Neural Codes;Pattern Recognition;Neural-Code KNN;Prototype Distance Metrics;Example / Prototype-based;Local;Intrinsic;General / Benchmark;Classification Accuracy & Query Time
248;Bakhshi et al.;2021;Human-Centric AI for Trustworthy IoT Systems With Explainable Multilayer Perceptrons;IEEE Internet of Things Journal;Explainable MLP;Weight Relevance & Rule Extraction;Rule-based Explanations;Local;Intrinsic;Cybersecurity & IoT;System Trust Score & F1-score
249;Haufe et al.;2014;On the Interpretation of Weight Vectors of Linear Models in Multivariate Neuroimaging;NeuroImage;Linear SVM / Ridge;Backward-to-Forward Weight Transformation;Feature Attribution;Global;Intrinsic;Healthcare;Neuroimaging Spatial Pattern Clarity
250;Ghorbani et al.;2019;Interpretation of Neural Networks Is Fragile (Extended);AAAI;Deep Neural Networks;Adversarial Perturbation Saliency Attack;Visual Saliency / Heatmap;Local;Post-hoc;Computer Vision & Autonomous Systems;Attribution Change Rate
251;Liu et al.;2020;Explainable Stock Prices Prediction From Financial News Articles Using Sentiment Analysis;Information Processing & Management;FinBERT + LSTM;Attention-Based Word Importance Heatmaps;Feature Attribution;Local;Intrinsic;Finance & Credit Risk;Mean Absolute Error & Trading Return
252;Nguyen et al.;2020;Multi-Agent Deep Reinforcement Learning: A Survey on Policy Explainability;IEEE T-NNLS;Multi-Agent DRL;Policy Tree Saliency;Rule-based Explanations;Global;Post-hoc;Computer Vision & Autonomous Systems;Reward Convergence & Explanation Clarity
253;Zheng et al.;2019;A Case-Based Ensemble Learning System for Explainable Breast Cancer Recurrence Prediction;Artificial Intelligence in Medicine;ANN + Case-Based Reasoning;Case-Based Reasoning Twin Explanations;Example / Prototype-based;Local;Intrinsic;Healthcare;Accuracy, Sensitivity & Doctor Trust
254;Sinha et al.;2020;CA-Net: Comprehensive Attention CNNs for Explainable Medical Image Segmentation;IEEE TMI;Attention-UNet CNN;Channel, Spatial & Scale Attention Maps;Visual Saliency / Heatmap;Local;Intrinsic;Healthcare;Dice Similarity Coefficient & Hausdorf Distance
255;Guidotti et al.;2018;A Survey of Methods for Explaining Black Box Models (Detailed Taxonomy);ACM Computing Surveys;All Black-Box Models;Survey Taxonomy Framework;Feature Attribution;Global;Post-hoc;General / Benchmark;Literature Taxonomy Fit
256;Yuan et al.;2019;FairSight: Visual Analytics for Fairness in Decision Making;IEEE TVCG;Machine Learning Classifiers;Interactive Bias & Disparate Impact Visuals;Intrinsic White-box;Global;Post-hoc;Finance & Credit Risk;User Bias Mitigation Efficiency
257;Zhang et al.;2021;Toward Deep Generalization of Peripheral EMG-Based Human-Robot Interfacing: A Hybrid Explainable Solution;IEEE T-RO;Hybrid CNN-LSTM + Kinematic Rules;EMG Channel Saliency & Kinematic Rules;Visual Saliency / Heatmap;Local;Intrinsic;Computer Vision & Autonomous Systems;Joint Angle Trajectory Error & Response Time
258;Guo et al.;2021;Explainable Artificial Intelligence for 6G: Improving Trust Between Human and Machine;IEEE Communications Magazine;6G Network DL Controllers;SDR Feature Attributions & SLA Rules;Feature Attribution;Global;Post-hoc;Cybersecurity & IoT;Latency & Network Throughput AUC
259;Sharma et al.;2018;Analysis of Various Decision Tree Algorithms for Classification in Data Mining;International Journal of Computer Applications;C4.5, CART, CHAID;Decision Tree Paths;Rule-based Explanations;Global;Intrinsic;General / Benchmark;Classification Accuracy & Tree Size
260;Kumar et al.;2019;Comparative Performance Analysis of Neural Networks Architectures on H2O Platform;IEEE Access;Deep MLPs;Weight Matrix Heatmaps;Feature Attribution;Global;Intrinsic;General / Benchmark;Accuracy & Training Time
261;Kaur et al.;2020;Toward Human-Understandable, Explainable AI: Guidelines and Evaluation;IEEE Computer;Human-AI Interaction;Human-Understandable Design Metrics;Intrinsic White-box;Global;Post-hoc;General / Benchmark;Human Comprehension Index
262;Chipman et al.;2019;Making Tree Ensembles Interpretable: A Bayesian Model Selection Approach;Journal of Computational and Graphical Statistics;BART / Tree Ensembles;Bayesian Representative Tree Selection;Rule-based Explanations;Global;Post-hoc;Finance & Credit Risk;Posterior Tree Coverage & RMSE
263;Defossez et al.;2019;CHIRPS: Explaining Random Forest Classification via Itemset Mining;Data Mining and Knowledge Discovery;Random Forest;Frequent Pattern Rule Extraction;Rule-based Explanations;Local;Post-hoc;General / Benchmark;Rule Precision & Coverage
264;Towell & Shavlik;2017;Symbolic-Neural Rule-Based Reasoning and Explanation;Cognitive Science;Knowledge-Based Neural Nets;Symbolic Production Rules;Rule-based Explanations;Global;Intrinsic;General / Benchmark;Rule Deductive Fidelity
265;Hendricks et al.;2016;Generating Visual Explanations;ECCV;CNN + LSTM Description Net;Textual Justification Loss & Visual Alignment;Feature Attribution;Local;Post-hoc;Computer Vision & Autonomous Systems;Human Description Relevance Score
266;Strumbelj et al.;2010;A Peek Into the Black Box: Exploring Classifiers by Randomization;Knowledge and Information Systems;Supervised ML Models;Randomization-Based Feature Contributions;Feature Attribution;Local;Post-hoc;General / Benchmark;Contribution Stability Metric
267;Eiband et al.;2021;Natural Language Interaction With Explainable AI Models;ACM CHI;Conversational AI;Natural Language Explanation Dialogues;Feature Attribution;Local;Post-hoc;NLP & Recommender Systems;User Mental Model Test
268;Hind et al.;2019;TED: Teaching AI to Explain Its Decisions;AIES;Supervised Classifiers + Explanation Labels;Explanation-Target Training (TED);Example / Prototype-based;Local;Intrinsic;General / Benchmark;Explanation Match Accuracy
269;Hoffman et al.;2018;Metrics for Explainable AI: Challenges and Prospects;DARPA Technical Report;XAI Systems;Mental Model & Curiosity Metrics Framework;Intrinsic White-box;Global;Post-hoc;General / Benchmark;Metric Psychometric Validity
270;Holzinger;2016;Interactive Machine Learning for Health Informatics: When Do We Need the Human-in-the-Loop?;Brain Informatics;Health Informatics AI;Human-in-the-Loop Interactive Causability;Intrinsic White-box;Global;Intrinsic;Healthcare;Doctor Problem-Solving Time
271;Holzinger et al.;2019;Causability and Explainability of Artificial Intelligence in Medicine (Detailed);Wiley WIREs Data Mining;Medical AI;System Causability Scale (SCS);Intrinsic White-box;Global;Intrinsic;Healthcare;System Causability Score (SCS)
272;Holzinger et al.;2021;Towards Multi-Modal Causability With Graph Neural Networks;Information Fusion;Graph Neural Networks (GNN);Graph Explainer & Subgraph Attributions;Feature Attribution;Local;Post-hoc;Healthcare;Subgraph Explanation Fidelity & SCS
273;Vinuesa et al.;2020;Digital Transformation for Sustainable Development Goals: Security, Safety and Privacy in AI;Nature Communications;Policy AI Systems;SDG Impact & Privacy Audit;Intrinsic White-box;Global;Intrinsic;Cybersecurity & IoT;SDG Alignment Score
274;Hu et al.;2018;DIVE: A Mixed-Initiative System Supporting Integrated Data Exploration Workflows;IEEE TVCG;Visual Analytics Systems;Mixed-Initiative Recommendation Trees;Intrinsic White-box;Global;Intrinsic;General / Benchmark;Exploration Task Completion Rate
275;Hu et al.;2018;Explainable Neural Computation via Stack Neural Module Networks;CVPR;Modular Neural Networks;Explicit Module Execution Layouts;Intrinsic White-box;Local;Intrinsic;Computer Vision & Autonomous Systems;VQA Accuracy & Module Consistency
276;Huang et al.;2019;Enhancing Adversarial Example Transferability With an Intermediate Level Attack;CVPR;Deep Convolutional Networks;Intermediate Feature Map Perturbations;Visual Saliency / Heatmap;Local;Post-hoc;Computer Vision & Autonomous Systems;Adversarial Transfer Success Rate
277;Hospedales et al.;2021;A Survey of Deep Meta-Learning;IEEE T-PAMI;Meta-Learning Networks;Meta-Learning Taxonomies;Intrinsic White-box;Global;Post-hoc;General / Benchmark;Meta-Task Generalization Metric
278;Al-Shedivat et al.;2020;Contextual Explanation Networks;Journal of Machine Learning Research;Contextual Explanation Nets (CEN);Context-Specific Glass-Box Weight Vectors;Intrinsic White-box;Local;Intrinsic;General / Benchmark;Accuracy & Local Parameter Stability
279;Bellamy et al.;2018;AI Fairness 360: An Extensible Toolkit for Detecting, Understanding, and Mitigating Bias;IBM Journal of R&D;Machine Learning Classifiers;AIF360 Fairness & Disparate Impact Metrics;Intrinsic White-box;Global;Post-hoc;Finance & Credit Risk;Equalized Odds & Demographic Parity
280;Islam et al.;2020;Enabling Explainable Fusion in Deep Learning With Fuzzy Integral Neural Networks;IEEE T-FUZZ;Fuzzy Integral Neural Nets;Choquet / Sugeno Integral Feature Densities;Feature Attribution;Global;Intrinsic;Cybersecurity & IoT;Classification Accuracy & Density Meaning
281;Zheng et al.;2019;Interpretation of Deep CNN Based on Learning Feature Reconstruction With Feedback Weights;IEEE T-NNLS;Deep CNNs;Feedback Weight Reconstruction Maps;Visual Saliency / Heatmap;Local;Post-hoc;Computer Vision & Autonomous Systems;Reconstruction Fidelity & Image SNR
282;Petsiuk et al.;2021;Perturbation-Based Methods for Explaining Deep Neural Networks: A Survey;Pattern Recognition;Deep Neural Networks;Perturbation Methods Taxonomy;Feature Attribution;Local;Post-hoc;Computer Vision & Autonomous Systems;Deletion/Insertion AUC Benchmarks
283;Jagadish et al.;2014;Big Data and Its Technical Challenges;Communications of the ACM;Big Data Architectures;Big Data Pipeline Provenance Logs;Intrinsic White-box;Global;Intrinsic;Cybersecurity & IoT;Pipeline Throughput & Traceability
284;Janitza et al.;2018;A Computationally Fast Variable Importance Test for Random Forests;BMC Bioinformatics;Random Forest Ensembles;Fast OOB Variable Importance Test;Feature Attribution;Global;Post-hoc;Healthcare;P-value Calibration & AUC
285;Arras et al.;2019;Explaining CNN and RNN Predictions Using Selective Layer-Wise Relevance Propagation;IEEE T-NNLS;CNN & RNN Models;Selective Layer-wise Relevance Propagation;Feature Attribution;Local;Post-hoc;NLP & Recommender Systems;Relevance Conservation & Token Perturbation
286;Shaker et al.;2020;Graph Embedded Rules for Explainable Predictions in Data Streams;Information Sciences;Streaming Classifiers;Graph-Embedded Rule Matrices;Rule-based Explanations;Local;Intrinsic;Cybersecurity & IoT;Stream Latency & Rule Fidelity
287;Juuti et al.;2019;PRADA: Protecting Against DNN Model Stealing Attacks;IEEE S&P;Deep Neural Networks;Query Distribution Distance Monitoring;Intrinsic White-box;Global;Post-hoc;Cybersecurity & IoT;Model Stealing Detection Rate
288;Delaney et al.;2021;Locally and Globally Explainable Time Series Tweaking;Data Mining and Knowledge Discovery;Time Series Classifiers;Counterfactual Time Series Tweaks;Feature Attribution;Local;Post-hoc;Healthcare;Tweak Feasibility & Proximity
289;European Parliament;2024;EU AI Act: Article 50 Transparency Requirements for High-Risk AI Systems;Official Journal of the European Union;High-Risk AI Systems;Legal Transparency & Documentation Audit;Intrinsic White-box;Global;Intrinsic;Finance & Credit Risk;Article 50 Regulatory Compliance
290;European Commission;2024;Official European Commission Policy Framework for Trustworthy AI;EU Policy Directive;General AI Systems;EU Trustworthy AI Ethics Framework;Intrinsic White-box;Global;Intrinsic;Finance & Credit Risk;Policy Adherence Score
291;EU AI Act Portal;2024;EU AI Act Portal: Complete Guide and Statutory Text;EU Regulatory Portal;All AI Applications;Statutory Transparency Standards;Intrinsic White-box;Global;Intrinsic;Finance & Credit Risk;Statutory Audit Index
292;Zeiler & Fergus;2014;Visualizing and Understanding Convolutional Networks (DeconvNet);ECCV;Deep CNNs (AlexNet);Deconvolutional Networks (DeconvNet);Visual Saliency / Heatmap;Local;Post-hoc;Computer Vision & Autonomous Systems;Image Occlusion & Classification Drop
293;Yang et al.;2026;On the Eligibility of LLMs for Counterfactual Reasoning: A Decompositional Study;ICLR 2026;Large Language Models (LLM);Counterfactual Reasoning Decomposition;Feature Attribution;Local;Post-hoc;NLP & Recommender Systems;Counterfactual Validity & Decomposition Score
294;Cebrian et al.;2026;Can Adversarial Attacks by Large Language Models Be Attributed?;PLOS Complex Systems;Large Language Models;Adversarial Attack Attribution;Feature Attribution;Local;Post-hoc;Cybersecurity & IoT;Attribution Precision & Transferability
295;Ferri et al.;2026;When Redundancy Matters: Machine Teaching of Representations;Machine Learning Journal;Representation Learning;Machine Teaching Representations;Intrinsic White-box;Global;Intrinsic;General / Benchmark;Teaching Efficiency & Cognitive Complexity
296;Håvardstun et al.;2026;Evaluating Simplification Algorithms for Interpretability of Time Series Classification;World Conference on XAI 2026;Time Series Classifiers;Time Series Simplification Algorithms;Rule-based Explanations;Local;Post-hoc;Healthcare;Fidelity & Simplification Ratio
297;Xue et al.;2024;A Hybrid Neuro-Symbolic Framework for Explainable Medical Diagnosis;Nature Machine Intelligence;Neuro-Symbolic Hybrid;Symbolic Reasoning Graph;Rule-based Explanations;Local;Intrinsic;Healthcare;Diagnostic Accuracy & Rule Fidelity
298;Rudin et al.;2024;Principles and Practice of Interpretable Machine Learning in Healthcare;IEEE Reviews in Biomedical Engineering;Clinical ML;Glass-Box Generalized Additive Models;Intrinsic White-box;Global;Intrinsic;Healthcare;Clinical Safety & Utility Index
